Fälligkeitsdatum;Ausgleichsdatum;Abrechnungsperiode;Abrechnungsdatum;Positionstext;Nummer Kreditor;Name Buchungspartner;UStID;Land;Kontonummer;Kontoname;Nummer Verkaufsstelle;Belegart;Belegdatum;Eingangsperiode;Belegnummer;Bruttobetrag in Belegwährung;Belegwährung;Bruttobetrag in Zahlwährung;Zahlwährung;Max. Skontosatz;Skontobasis in Belegwährung;Skonto Umsatzsteuersatz;Skonto in Zahlwährung;Skontobasis in Zahlwährung;Skonto Umsatzsteuer in Zahlwährung;Zahlbetrag in Zahlwährung;Umsatzsteuersatz;Warengruppe;Postentyp;Prüfkennzeichen;Prüfkommentar;Prüfer;Prüfungsdatum;Portaleingangsdatum
;11.03.2021;2021-07;20.03.2021;2021-06;;;;;1790046937;Schuhhaus Walder AG;;;11.03.2021;2021-07;0001072459;-251524,07;CHF;-251524,07;CHF;0,000;0,00;0,000;7195,03;0,00;0,00;-244329,04;0,000;;;;;;;10.03.2021
;11.03.2021;2021-06;10.03.2021;1790003207 Legero Schuh AG;1790003207;Legero Schuh AG c/o TEAG Treuhandbüro Eggenberger A;;CH;1790046937;Schuhhaus Walder AG;1790046937;Gutschrift;28.02.2021;2021-06;3045318;-78,17;CHF;-78,17;CHF;3,000;-78,17;0,000;2,35;-78,17;0,00;-75,82;7,700;Ware;;;;;;03.03.2021
;11.03.2021;2021-06;10.03.2021;1790006290 Rohde Shoes GmbH;1790006290;Rohde Shoes GmbH;DE815682077;DE;1790046937;Schuhhaus Walder AG;1790046937;Rechnung;26.02.2021;2021-06;7061902;2884,11;CHF;2884,11;CHF;3,000;2884,11;0,000;-86,52;2884,11;0,00;2797,59;7,700;Ware;;;;;;27.02.2021
;11.03.2021;2021-06;10.03.2021;1790006290 Rohde Shoes GmbH;1790006290;Rohde Shoes GmbH;DE815682077;DE;1790046937;Schuhhaus Walder AG;1790046937;Rechnung;26.02.2021;2021-06;7061901;4974,28;CHF;4974,28;CHF;3,000;4974,28;0,000;-149,23;4974,28;0,00;4825,05;7,700;Ware;;;;;;27.02.2021
;11.03.2021;2021-06;10.03.2021;1790008424 JACK WOLFSKIN;1790008424;JACK WOLFSKIN GMBH & CO.KGaA;DE811203633;DE;1790046937;Schuhhaus Walder AG;1790046937;Rechnung Storno;26.02.2021;2021-06;21091903;-236,74;EUR;-263,38;CHF;3,000;-236,74;0,000;7,90;-263,38;0,00;-255,48;7,700;Ware;;;;;;05.03.2021
;11.03.2021;2021-06;10.03.2021;1790008424 JACK WOLFSKIN;1790008424;JACK WOLFSKIN GMBH & CO.KGaA;DE811203633;DE;1790046937;Schuhhaus Walder AG;1790046937;Rechnung;26.02.2021;2021-06;21091903;236,74;EUR;263,38;CHF;3,000;236,74;0,000;-7,90;263,38;0,00;255,48;7,700;Ware;;;;;;05.03.2021
;11.03.2021;2021-06;10.03.2021;1790004004 FALKE KGaA;1790004004;FALKE KGaA;DE125915122;DE;1790046937;Schuhhaus Walder AG;1790046937;Rechnung;26.02.2021;2021-06;01-3882207;966,94;CHF;966,94;CHF;3,000;966,94;0,000;-29,01;966,94;0,00;937,93;7,700;Ware;;;;;;02.03.2021
;11.03.2021;2021-06;10.03.2021;1790004767 VF International SAGL;1790004767;VF International SAGL Marke Timberland;;CH;1790046937;Schuhhaus Walder AG;1790046937;Rechnung Storno;25.02.2021;2021-06;3300024065;-7401,69;EUR;-8234,53;CHF;3,000;-7401,69;0,000;247,04;-8234,53;0,00;-7987,49;7,700;Ware;;;;;;05.03.2021
;11.03.2021;2021-06;10.03.2021;1790004767 VF International SAGL;1790004767;VF International SAGL Marke Timberland;;CH;1790046937;Schuhhaus Walder AG;1790046937;Rechnung;25.02.2021;2021-06;3300024065;7401,69;EUR;8234,53;CHF;3,000;7401,69;0,000;-247,04;8234,53;0,00;7987,49;7,700;Ware;;;;;;04.03.2021
;11.03.2021;2021-06;10.03.2021;1790001300 Chris Sports AG;1790001300;Chris Sports AG;;CH;1790046937;Schuhhaus Walder AG;1790046937;Rechnung;25.02.2021;2021-06;12614650;3844,90;CHF;3844,90;CHF;2,000;3844,90;0,000;-76,90;3844,90;0,00;3768,00;7,700;Ware;;;;;;27.02.2021
;11.03.2021;2021-06;10.03.2021;1790004004 FALKE KGaA;1790004004;FALKE KGaA;DE125915122;DE;1790046937;Schuhhaus Walder AG;1790046937;Rechnung;25.02.2021;2021-06;01-3881509;513,73;CHF;513,73;CHF;3,000;513,73;0,000;-15,41;513,73;0,00;498,32;7,700;Ware;;;;;;26.02.2021
;11.03.2021;2021-06;10.03.2021;1790004004 FALKE KGaA;1790004004;FALKE KGaA;DE125915122;DE;1790046937;Schuhhaus Walder AG;1790046937;Rechnung;25.02.2021;2021-06;01-3881508;497,12;CHF;497,12;CHF;3,000;497,12;0,000;-14,91;497,12;0,00;482,21;7,700;Ware;;;;;;26.02.2021
;11.03.2021;2021-06;10.03.2021;1790004004 FALKE KGaA;1790004004;FALKE KGaA;DE125915122;DE;1790046937;Schuhhaus Walder AG;1790046937;Rechnung;25.02.2021;2021-06;01-3881507;404,00;CHF;404,00;CHF;3,000;404,00;0,000;-12,12;404,00;0,00;391,88;7,700;Ware;;;;;;26.02.2021
;11.03.2021;2021-06;10.03.2021;1790004004 FALKE KGaA;1790004004;FALKE KGaA;DE125915122;DE;1790046937;Schuhhaus Walder AG;1790046937;Rechnung;25.02.2021;2021-06;01-3881506;929,56;CHF;929,56;CHF;3,000;929,56;0,000;-27,89;929,56;0,00;901,67;7,700;Ware;;;;;;26.02.2021
;11.03.2021;2021-06;10.03.2021;1790004004 FALKE KGaA;1790004004;FALKE KGaA;DE125915122;DE;1790046937;Schuhhaus Walder AG;1790046937;Rechnung;25.02.2021;2021-06;01-3881505;1098,51;CHF;1098,51;CHF;3,000;1098,51;0,000;-32,96;1098,51;0,00;1065,55;7,700;Ware;;;;;;26.02.2021
;11.03.2021;2021-06;10.03.2021;1790004004 FALKE KGaA;1790004004;FALKE KGaA;DE125915122;DE;1790046937;Schuhhaus Walder AG;1790046937;Rechnung;25.02.2021;2021-06;01-3881504;950,33;CHF;950,33;CHF;3,000;950,33;0,000;-28,51;950,33;0,00;921,82;7,700;Ware;;;;;;26.02.2021
;11.03.2021;2021-06;10.03.2021;1790004004 FALKE KGaA;1790004004;FALKE KGaA;DE125915122;DE;1790046937;Schuhhaus Walder AG;1790046937;Rechnung;25.02.2021;2021-06;01-3881503;929,56;CHF;929,56;CHF;3,000;929,56;0,000;-27,89;929,56;0,00;901,67;7,700;Ware;;;;;;26.02.2021
;11.03.2021;2021-06;10.03.2021;1790004004 FALKE KGaA;1790004004;FALKE KGaA;DE125915122;DE;1790046937;Schuhhaus Walder AG;1790046937;Rechnung;25.02.2021;2021-06;01-3881502;404,00;CHF;404,00;CHF;3,000;404,00;0,000;-12,12;404,00;0,00;391,88;7,700;Ware;;;;;;26.02.2021
;11.03.2021;2021-06;10.03.2021;1790004004 FALKE KGaA;1790004004;FALKE KGaA;DE125915122;DE;1790046937;Schuhhaus Walder AG;1790046937;Rechnung;25.02.2021;2021-06;01-3881501;497,12;CHF;497,12;CHF;3,000;497,12;0,000;-14,91;497,12;0,00;482,21;7,700;Ware;;;;;;26.02.2021
;11.03.2021;2021-06;10.03.2021;1790004004 FALKE KGaA;1790004004;FALKE KGaA;DE125915122;DE;1790046937;Schuhhaus Walder AG;1790046937;Rechnung;25.02.2021;2021-06;01-3881500;983,55;CHF;983,55;CHF;3,000;983,55;0,000;-29,51;983,55;0,00;954,04;7,700;Ware;;;;;;26.02.2021
;11.03.2021;2021-06;10.03.2021;1790004004 FALKE KGaA;1790004004;FALKE KGaA;DE125915122;DE;1790046937;Schuhhaus Walder AG;1790046937;Rechnung;25.02.2021;2021-06;01-3881499;513,73;CHF;513,73;CHF;3,000;513,73;0,000;-15,41;513,73;0,00;498,32;7,700;Ware;;;;;;26.02.2021
;11.03.2021;2021-06;10.03.2021;1790004004 FALKE KGaA;1790004004;FALKE KGaA;DE125915122;DE;1790046937;Schuhhaus Walder AG;1790046937;Rechnung;25.02.2021;2021-06;01-3881498;983,55;CHF;983,55;CHF;3,000;983,55;0,000;-29,51;983,55;0,00;954,04;7,700;Ware;;;;;;26.02.2021
;11.03.2021;2021-06;10.03.2021;1790004004 FALKE KGaA;1790004004;FALKE KGaA;DE125915122;DE;1790046937;Schuhhaus Walder AG;1790046937;Rechnung;25.02.2021;2021-06;01-3881497;929,56;CHF;929,56;CHF;3,000;929,56;0,000;-27,89;929,56;0,00;901,67;7,700;Ware;;;;;;26.02.2021
;11.03.2021;2021-06;10.03.2021;1790004004 FALKE KGaA;1790004004;FALKE KGaA;DE125915122;DE;1790046937;Schuhhaus Walder AG;1790046937;Rechnung;25.02.2021;2021-06;01-3881496;2754,94;CHF;2754,94;CHF;3,000;2754,94;0,000;-82,65;2754,94;0,00;2672,29;7,700;Ware;;;;;;26.02.2021
;11.03.2021;2021-06;10.03.2021;1790002292 Sioux Schuhe GmbH;1790002292;Sioux Schuhe GmbH;DE333246753;DE;1790046937;Schuhhaus Walder AG;1790046937;Rechnung Storno;24.02.2021;2021-06;5109553;-4404,96;EUR;-4900,61;CHF;3,000;-4404,96;0,000;147,02;-4900,61;0,00;-4753,59;7,700;Ware;;;;;;04.03.2021
;11.03.2021;2021-06;10.03.2021;1790002292 Sioux Schuhe GmbH;1790002292;Sioux Schuhe GmbH;DE333246753;DE;1790046937;Schuhhaus Walder AG;1790046937;Rechnung;24.02.2021;2021-06;5109553;4404,96;EUR;4900,61;CHF;3,000;4404,96;0,000;-147,02;4900,61;0,00;4753,59;7,700;Ware;;;;;;02.03.2021
;11.03.2021;2021-06;10.03.2021;1790004004 FALKE KGaA;1790004004;FALKE KGaA;DE125915122;DE;1790046937;Schuhhaus Walder AG;1790046937;Rechnung;24.02.2021;2021-06;01-3881110;929,56;CHF;929,56;CHF;3,000;929,56;0,000;-27,89;929,56;0,00;901,67;7,700;Ware;;;;;;25.02.2021
;11.03.2021;2021-06;10.03.2021;1790004004 FALKE KGaA;1790004004;FALKE KGaA;DE125915122;DE;1790046937;Schuhhaus Walder AG;1790046937;Rechnung;24.02.2021;2021-06;01-3881109;929,56;CHF;929,56;CHF;3,000;929,56;0,000;-27,89;929,56;0,00;901,67;7,700;Ware;;;;;;25.02.2021
;11.03.2021;2021-06;10.03.2021;1790004004 FALKE KGaA;1790004004;FALKE KGaA;DE125915122;DE;1790046937;Schuhhaus Walder AG;1790046937;Rechnung;24.02.2021;2021-06;01-3881108;929,56;CHF;929,56;CHF;3,000;929,56;0,000;-27,89;929,56;0,00;901,67;7,700;Ware;;;;;;25.02.2021
;11.03.2021;2021-06;10.03.2021;1790004004 FALKE KGaA;1790004004;FALKE KGaA;DE125915122;DE;1790046937;Schuhhaus Walder AG;1790046937;Rechnung;24.02.2021;2021-06;01-3881107;1062,74;CHF;1062,74;CHF;3,000;1062,74;0,000;-31,88;1062,74;0,00;1030,86;7,700;Ware;;;;;;25.02.2021
;11.03.2021;2021-06;10.03.2021;1790004004 FALKE KGaA;1790004004;FALKE KGaA;DE125915122;DE;1790046937;Schuhhaus Walder AG;1790046937;Rechnung;24.02.2021;2021-06;01-3881106;929,56;CHF;929,56;CHF;3,000;929,56;0,000;-27,89;929,56;0,00;901,67;7,700;Ware;;;;;;25.02.2021
;11.03.2021;2021-06;10.03.2021;1790004004 FALKE KGaA;1790004004;FALKE KGaA;DE125915122;DE;1790046937;Schuhhaus Walder AG;1790046937;Rechnung;23.02.2021;2021-06;01-3880780;577,54;CHF;577,54;CHF;3,000;577,54;0,000;-17,33;577,54;0,00;560,21;7,700;Ware;;;;;;24.02.2021
;11.03.2021;2021-06;10.03.2021;1790004004 FALKE KGaA;1790004004;FALKE KGaA;DE125915122;DE;1790046937;Schuhhaus Walder AG;1790046937;Rechnung;23.02.2021;2021-06;01-3880779;404,00;CHF;404,00;CHF;3,000;404,00;0,000;-12,12;404,00;0,00;391,88;7,700;Ware;;;;;;24.02.2021
;11.03.2021;2021-06;10.03.2021;1790001300 Chris Sports AG;1790001300;Chris Sports AG;;CH;1790046937;Schuhhaus Walder AG;1790046937;Rechnung;22.02.2021;2021-06;12612995;2647,85;CHF;2647,85;CHF;2,000;2647,85;0,000;-52,96;2647,85;0,00;2594,89;7,700;Ware;;;;;;27.02.2021
;11.03.2021;2021-06;10.03.2021;1790001300 Chris Sports AG;1790001300;Chris Sports AG;;CH;1790046937;Schuhhaus Walder AG;1790046937;Rechnung;22.02.2021;2021-06;12612994;2032,30;CHF;2032,30;CHF;2,000;2032,30;0,000;-40,65;2032,30;0,00;1991,65;7,700;Ware;;;;;;27.02.2021
;11.03.2021;2021-06;10.03.2021;1790001300 Chris Sports AG;1790001300;Chris Sports AG;;CH;1790046937;Schuhhaus Walder AG;1790046937;Rechnung;22.02.2021;2021-06;12612993;6831,35;CHF;6831,35;CHF;2,000;6831,35;0,000;-136,63;6831,35;0,00;6694,72;7,700;Ware;;;;;;27.02.2021
;11.03.2021;2021-06;10.03.2021;1790001300 Chris Sports AG;1790001300;Chris Sports AG;;CH;1790046937;Schuhhaus Walder AG;1790046937;Rechnung;22.02.2021;2021-06;12612992;3638,90;CHF;3638,90;CHF;2,000;3638,90;0,000;-72,78;3638,90;0,00;3566,12;7,700;Ware;;;;;;27.02.2021
;11.03.2021;2021-06;10.03.2021;1790001300 Chris Sports AG;1790001300;Chris Sports AG;;CH;1790046937;Schuhhaus Walder AG;1790046937;Rechnung;22.02.2021;2021-06;12612991;1762,25;CHF;1762,25;CHF;2,000;1762,25;0,000;-35,25;1762,25;0,00;1727,00;7,700;Ware;;;;;;27.02.2021
;11.03.2021;2021-06;10.03.2021;1790001300 Chris Sports AG;1790001300;Chris Sports AG;;CH;1790046937;Schuhhaus Walder AG;1790046937;Rechnung;22.02.2021;2021-06;12612990;3604,45;CHF;3604,45;CHF;2,000;3604,45;0,000;-72,09;3604,45;0,00;3532,36;7,700;Ware;;;;;;27.02.2021
;11.03.2021;2021-06;10.03.2021;1790001300 Chris Sports AG;1790001300;Chris Sports AG;;CH;1790046937;Schuhhaus Walder AG;1790046937;Rechnung;22.02.2021;2021-06;12612989;1858,35;CHF;1858,35;CHF;2,000;1858,35;0,000;-37,17;1858,35;0,00;1821,18;7,700;Ware;;;;;;27.02.2021
;11.03.2021;2021-06;10.03.2021;1790001300 Chris Sports AG;1790001300;Chris Sports AG;;CH;1790046937;Schuhhaus Walder AG;1790046937;Rechnung;22.02.2021;2021-06;12612988;1611,20;CHF;1611,20;CHF;2,000;1611,20;0,000;-32,22;1611,20;0,00;1578,98;7,700;Ware;;;;;;27.02.2021
;11.03.2021;2021-06;10.03.2021;1790001300 Chris Sports AG;1790001300;Chris Sports AG;;CH;1790046937;Schuhhaus Walder AG;1790046937;Rechnung;22.02.2021;2021-06;12612987;3604,55;CHF;3604,55;CHF;2,000;3604,55;0,000;-72,09;3604,55;0,00;3532,46;7,700;Ware;;;;;;27.02.2021
;11.03.2021;2021-06;10.03.2021;1790001300 Chris Sports AG;1790001300;Chris Sports AG;;CH;1790046937;Schuhhaus Walder AG;1790046937;Rechnung;22.02.2021;2021-06;12612986;3638,80;CHF;3638,80;CHF;2,000;3638,80;0,000;-72,78;3638,80;0,00;3566,02;7,700;Ware;;;;;;27.02.2021
;11.03.2021;2021-06;10.03.2021;1790001390 Skechers Sàrl;1790001390;Skechers Sàrl;;CH;1790046937;Schuhhaus Walder AG;1790046937;Rechnung;19.02.2021;2021-06;5781526;1464,15;CHF;1464,15;CHF;3,000;1464,15;0,000;-43,92;1464,15;0,00;1420,23;7,700;Ware;;;;;;25.02.2021
;11.03.2021;2021-06;10.03.2021;1790001390 Skechers Sàrl;1790001390;Skechers Sàrl;;CH;1790046937;Schuhhaus Walder AG;1790046937;Rechnung;19.02.2021;2021-06;5781525;1605,54;CHF;1605,54;CHF;3,000;1605,54;0,000;-48,17;1605,54;0,00;1557,37;7,700;Ware;;;;;;25.02.2021
;11.03.2021;2021-06;10.03.2021;1790001390 Skechers Sàrl;1790001390;Skechers Sàrl;;CH;1790046937;Schuhhaus Walder AG;1790046937;Rechnung;19.02.2021;2021-06;5781524;4401,57;CHF;4401,57;CHF;3,000;4401,57;0,000;-132,05;4401,57;0,00;4269,52;7,700;Ware;;;;;;25.02.2021
;11.03.2021;2021-06;10.03.2021;1790001390 Skechers Sàrl;1790001390;Skechers Sàrl;;CH;1790046937;Schuhhaus Walder AG;1790046937;Rechnung;19.02.2021;2021-06;5781523;2659,92;CHF;2659,92;CHF;3,000;2659,92;0,000;-79,80;2659,92;0,00;2580,12;7,700;Ware;;;;;;25.02.2021
;11.03.2021;2021-06;10.03.2021;1790001390 Skechers Sàrl;1790001390;Skechers Sàrl;;CH;1790046937;Schuhhaus Walder AG;1790046937;Rechnung;19.02.2021;2021-06;5781471;2898,59;CHF;2898,59;CHF;3,000;2898,59;0,000;-86,96;2898,59;0,00;2811,63;7,700;Ware;;;;;;25.02.2021
;11.03.2021;2021-06;10.03.2021;1790001390 Skechers Sàrl;1790001390;Skechers Sàrl;;CH;1790046937;Schuhhaus Walder AG;1790046937;Rechnung;19.02.2021;2021-06;5781464;3906,01;CHF;3906,01;CHF;3,000;3906,01;0,000;-117,18;3906,01;0,00;3788,83;7,700;Ware;;;;;;25.02.2021
;11.03.2021;2021-06;10.03.2021;1790001390 Skechers Sàrl;1790001390;Skechers Sàrl;;CH;1790046937;Schuhhaus Walder AG;1790046937;Rechnung;19.02.2021;2021-06;5781463;1639,09;CHF;1639,09;CHF;3,000;1639,09;0,000;-49,17;1639,09;0,00;1589,92;7,700;Ware;;;;;;25.02.2021
;11.03.2021;2021-06;10.03.2021;1790003723 Geox Suisse SA;1790003723;Geox Suisse SA;;CH;1790046937;Schuhhaus Walder AG;1790046937;Rechnung;19.02.2021;2021-06;5000473;4239,55;CHF;4239,55;CHF;3,000;4239,55;0,000;-127,19;4239,55;0,00;4112,36;7,700;Ware;;;;;;03.03.2021
;11.03.2021;2021-06;10.03.2021;1790003723 Geox Suisse SA;1790003723;Geox Suisse SA;;CH;1790046937;Schuhhaus Walder AG;1790046937;Rechnung;19.02.2021;2021-06;5000472;4710,64;CHF;4710,64;CHF;3,000;4710,64;0,000;-141,32;4710,64;0,00;4569,32;7,700;Ware;;;;;;03.03.2021
;11.03.2021;2021-06;10.03.2021;1790003298 MAYA TROPIC S.L.;1790003298;MAYA TROPIC S.L.;ESB53357331;ES;1790046937;Schuhhaus Walder AG;1790046937;Rechnung Storno;17.02.2021;2021-06;0210.035;-16899,30;EUR;-18800,81;CHF;3,000;-16899,30;0,000;564,02;-18800,81;0,00;-18236,79;0,000;Ware;;;;;;04.03.2021
;11.03.2021;2021-06;10.03.2021;1790003298 MAYA TROPIC S.L.;1790003298;MAYA TROPIC S.L.;ESB53357331;ES;1790046937;Schuhhaus Walder AG;1790046937;Rechnung;17.02.2021;2021-06;0210.035;16899,30;EUR;18800,81;CHF;3,000;16899,30;0,000;-564,02;18800,81;0,00;18236,79;0,000;Ware;;;;;;26.02.2021
;11.03.2021;2021-06;10.03.2021;1790003723 Geox Suisse SA;1790003723;Geox Suisse SA;;CH;1790046937;Schuhhaus Walder AG;1790046937;Rechnung;11.02.2021;2021-05;5000304;3683,24;CHF;3683,24;CHF;3,000;3683,24;0,000;-110,50;3683,24;0,00;3572,74;7,700;Ware;;;;;;19.02.2021
;11.03.2021;2021-06;10.03.2021;1790003723 Geox Suisse SA;1790003723;Geox Suisse SA;;CH;1790046937;Schuhhaus Walder AG;1790046937;Rechnung;11.02.2021;2021-05;5000303;4035,64;CHF;4035,64;CHF;3,000;4035,64;0,000;-121,07;4035,64;0,00;3914,57;7,700;Ware;;;;;;19.02.2021
;11.03.2021;2021-06;10.03.2021;1790003723 Geox Suisse SA;1790003723;Geox Suisse SA;;CH;1790046937;Schuhhaus Walder AG;1790046937;Rechnung;11.02.2021;2021-05;5000302;3821,24;CHF;3821,24;CHF;3,000;3821,24;0,000;-114,64;3821,24;0,00;3706,60;7,700;Ware;;;;;;19.02.2021
;11.03.2021;2021-06;10.03.2021;1790003723 Geox Suisse SA;1790003723;Geox Suisse SA;;CH;1790046937;Schuhhaus Walder AG;1790046937;Rechnung;11.02.2021;2021-05;5000301;1122,32;CHF;1122,32;CHF;3,000;1122,32;0,000;-33,67;1122,32;0,00;1088,65;7,700;Ware;;;;;;19.02.2021
;11.03.2021;2021-06;10.03.2021;1790003723 Geox Suisse SA;1790003723;Geox Suisse SA;;CH;1790046937;Schuhhaus Walder AG;1790046937;Rechnung;11.02.2021;2021-05;5000300;4082,56;CHF;4082,56;CHF;3,000;4082,56;0,000;-122,48;4082,56;0,00;3960,08;7,700;Ware;;;;;;19.02.2021
;11.03.2021;2021-06;10.03.2021;1790003723 Geox Suisse SA;1790003723;Geox Suisse SA;;CH;1790046937;Schuhhaus Walder AG;1790046937;Rechnung;11.02.2021;2021-05;5000299;4318,05;CHF;4318,05;CHF;3,000;4318,05;0,000;-129,54;4318,05;0,00;4188,51;7,700;Ware;;;;;;19.02.2021
;11.03.2021;2021-06;10.03.2021;1790003723 Geox Suisse SA;1790003723;Geox Suisse SA;;CH;1790046937;Schuhhaus Walder AG;1790046937;Rechnung;11.02.2021;2021-05;5000298;4318,05;CHF;4318,05;CHF;3,000;4318,05;0,000;-129,54;4318,05;0,00;4188,51;7,700;Ware;;;;;;19.02.2021
;11.03.2021;2021-06;10.03.2021;1790003723 Geox Suisse SA;1790003723;Geox Suisse SA;;CH;1790046937;Schuhhaus Walder AG;1790046937;Rechnung;11.02.2021;2021-05;5000297;2889,17;CHF;2889,17;CHF;3,000;2889,17;0,000;-86,68;2889,17;0,00;2802,49;7,700;Ware;;;;;;19.02.2021
;11.03.2021;2021-06;10.03.2021;1790003723 Geox Suisse SA;1790003723;Geox Suisse SA;;CH;1790046937;Schuhhaus Walder AG;1790046937;Rechnung;11.02.2021;2021-05;5000296;4333,78;CHF;4333,78;CHF;3,000;4333,78;0,000;-130,01;4333,78;0,00;4203,77;7,700;Ware;;;;;;19.02.2021
;11.03.2021;2021-06;10.03.2021;1790003723 Geox Suisse SA;1790003723;Geox Suisse SA;;CH;1790046937;Schuhhaus Walder AG;1790046937;Rechnung;11.02.2021;2021-05;5000295;3454,48;CHF;3454,48;CHF;3,000;3454,48;0,000;-103,63;3454,48;0,00;3350,85;7,700;Ware;;;;;;19.02.2021
;11.03.2021;2021-06;10.03.2021;1790003723 Geox Suisse SA;1790003723;Geox Suisse SA;;CH;1790046937;Schuhhaus Walder AG;1790046937;Rechnung;11.02.2021;2021-05;5000294;3086,27;CHF;3086,27;CHF;3,000;3086,27;0,000;-92,59;3086,27;0,00;2993,68;7,700;Ware;;;;;;19.02.2021
;11.03.2021;2021-06;10.03.2021;1790003723 Geox Suisse SA;1790003723;Geox Suisse SA;;CH;1790046937;Schuhhaus Walder AG;1790046937;Rechnung;11.02.2021;2021-05;5000293;4536,14;CHF;4536,14;CHF;3,000;4536,14;0,000;-136,08;4536,14;0,00;4400,06;7,700;Ware;;;;;;19.02.2021
;11.03.2021;2021-06;10.03.2021;1790003723 Geox Suisse SA;1790003723;Geox Suisse SA;;CH;1790046937;Schuhhaus Walder AG;1790046937;Rechnung;11.02.2021;2021-05;5000292;1552,14;CHF;1552,14;CHF;3,000;1552,14;0,000;-46,56;1552,14;0,00;1505,58;7,700;Ware;;;;;;19.02.2021
;11.03.2021;2021-06;10.03.2021;1790001390 Skechers Sàrl;1790001390;Skechers Sàrl;;CH;1790046937;Schuhhaus Walder AG;1790046937;Rechnung;05.02.2021;2021-06;5778658;3498,63;CHF;3498,63;CHF;3,000;3498,63;0,000;-104,96;3498,63;0,00;3393,67;7,700;Ware;;;;;;25.02.2021
;11.03.2021;2021-06;10.03.2021;1790004767 VF International SAGL;1790004767;VF International SAGL Marke Timberland;;CH;1790046937;Schuhhaus Walder AG;1790046937;Gutschrift;05.02.2021;2021-06;3350005491;-673,99;CHF;-673,99;CHF;3,000;-673,99;0,000;20,22;-673,99;0,00;-653,77;7,700;Ware;;;;;;04.03.2021
;11.03.2021;2021-06;10.03.2021;1790005110 bugatti shoes man ag;1790005110;bugatti shoes man ag;;CH;1790046937;Schuhhaus Walder AG;1790046937;Rechnung Storno;04.02.2021;2021-05;21002855;-2401,04;CHF;-2401,04;CHF;3,000;-2401,04;0,000;72,03;-2401,04;0,00;-2329,01;7,700;Ware;;;;;;20.02.2021
;11.03.2021;2021-06;10.03.2021;1790005110 bugatti shoes man ag;1790005110;bugatti shoes man ag;;CH;1790046937;Schuhhaus Walder AG;1790046937;Rechnung;04.02.2021;2021-04;21002855;2401,04;CHF;2401,04;CHF;3,000;2401,04;0,000;-72,03;2401,04;0,00;2329,01;7,700;Ware;;;;;;16.02.2021
;11.03.2021;2021-06;10.03.2021;1790003723 Geox Suisse SA;1790003723;Geox Suisse SA;;CH;1790046937;Schuhhaus Walder AG;1790046937;Rechnung;02.02.2021;2021-04;5000187;6280,83;CHF;6280,83;CHF;3,000;6280,83;0,000;-188,42;6280,83;0,00;6092,41;7,700;Ware;;;;;;11.02.2021
;11.03.2021;2021-06;10.03.2021;1790003723 Geox Suisse SA;1790003723;Geox Suisse SA;;CH;1790046937;Schuhhaus Walder AG;1790046937;Rechnung;02.02.2021;2021-04;5000186;3140,39;CHF;3140,39;CHF;3,000;3140,39;0,000;-94,21;3140,39;0,00;3046,18;7,700;Ware;;;;;;11.02.2021
;11.03.2021;2021-06;10.03.2021;1790003723 Geox Suisse SA;1790003723;Geox Suisse SA;;CH;1790046937;Schuhhaus Walder AG;1790046937;Rechnung;02.02.2021;2021-04;5000185;4239,55;CHF;4239,55;CHF;3,000;4239,55;0,000;-127,19;4239,55;0,00;4112,36;7,700;Ware;;;;;;11.02.2021
;11.03.2021;2021-06;10.03.2021;1790003723 Geox Suisse SA;1790003723;Geox Suisse SA;;CH;1790046937;Schuhhaus Walder AG;1790046937;Rechnung;02.02.2021;2021-04;5000184;4239,55;CHF;4239,55;CHF;3,000;4239,55;0,000;-127,19;4239,55;0,00;4112,36;7,700;Ware;;;;;;11.02.2021
;11.03.2021;2021-06;10.03.2021;1790001025 Arex AG ( Ara);1790001025;Arex AG ( Ara);;CH;1790046937;Schuhhaus Walder AG;1790046937;Rechnung;02.02.2021;2021-04;207125;6086,67;CHF;6086,67;CHF;3,000;6086,67;0,000;-182,60;6086,67;0,00;5904,07;7,700;Ware;;;;;;11.02.2021
;11.03.2021;2021-06;10.03.2021;1790001267 Sportco AG;1790001267;Sportco AG;;CH;1790046937;Schuhhaus Walder AG;1790046937;Rechnung;29.01.2021;2021-06;642321;5081,30;CHF;5081,30;CHF;3,000;5081,30;0,000;-152,44;5081,30;0,00;4928,86;7,700;Ware;;;;;;02.03.2021
;11.03.2021;2021-06;10.03.2021;1790001208 ECCO EMEA Sales SE, Amsterdam;1790001208;ECCO EMEA Sales SE, Amsterdam Zw.Ndl.Schweiz, Hünenberg;;CH;1790046937;Schuhhaus Walder AG;1790046937;Rechnung;27.01.2021;2021-03;201310451;11152,25;CHF;11152,25;CHF;3,000;11152,25;0,000;-334,57;11152,25;0,00;10817,68;7,700;Ware;;;;;;02.02.2021
;11.03.2021;2021-06;10.03.2021;1790003723 Geox Suisse SA;1790003723;Geox Suisse SA;;CH;1790046937;Schuhhaus Walder AG;1790046937;Rechnung;26.01.2021;2021-03;5000105;5338,72;CHF;5338,72;CHF;3,000;5338,72;0,000;-160,16;5338,72;0,00;5178,56;7,700;Ware;;;;;;03.02.2021
;11.03.2021;2021-06;10.03.2021;1790003723 Geox Suisse SA;1790003723;Geox Suisse SA;;CH;1790046937;Schuhhaus Walder AG;1790046937;Rechnung;26.01.2021;2021-03;5000104;2355,32;CHF;2355,32;CHF;3,000;2355,32;0,000;-70,66;2355,32;0,00;2284,66;7,700;Ware;;;;;;03.02.2021
;11.03.2021;2021-06;10.03.2021;1790003723 Geox Suisse SA;1790003723;Geox Suisse SA;;CH;1790046937;Schuhhaus Walder AG;1790046937;Rechnung;26.01.2021;2021-03;5000103;2747,86;CHF;2747,86;CHF;3,000;2747,86;0,000;-82,44;2747,86;0,00;2665,42;7,700;Ware;;;;;;03.02.2021
;11.03.2021;2021-06;10.03.2021;1790003723 Geox Suisse SA;1790003723;Geox Suisse SA;;CH;1790046937;Schuhhaus Walder AG;1790046937;Rechnung;26.01.2021;2021-03;5000102;4004,01;CHF;4004,01;CHF;3,000;4004,01;0,000;-120,12;4004,01;0,00;3883,89;7,700;Ware;;;;;;03.02.2021
;11.03.2021;2021-06;10.03.2021;1790003723 Geox Suisse SA;1790003723;Geox Suisse SA;;CH;1790046937;Schuhhaus Walder AG;1790046937;Rechnung;26.01.2021;2021-03;5000101;981,37;CHF;981,37;CHF;3,000;981,37;0,000;-29,44;981,37;0,00;951,93;7,700;Ware;;;;;;03.02.2021
;11.03.2021;2021-06;10.03.2021;1790003723 Geox Suisse SA;1790003723;Geox Suisse SA;;CH;1790046937;Schuhhaus Walder AG;1790046937;Rechnung;26.01.2021;2021-03;5000100;1727,24;CHF;1727,24;CHF;3,000;1727,24;0,000;-51,82;1727,24;0,00;1675,42;7,700;Ware;;;;;;03.02.2021
;11.03.2021;2021-06;10.03.2021;1790003723 Geox Suisse SA;1790003723;Geox Suisse SA;;CH;1790046937;Schuhhaus Walder AG;1790046937;Rechnung;26.01.2021;2021-03;5000099;785,12;CHF;785,12;CHF;3,000;785,12;0,000;-23,55;785,12;0,00;761,57;7,700;Ware;;;;;;03.02.2021
;11.03.2021;2021-06;10.03.2021;1790001025 Arex AG ( Ara);1790001025;Arex AG ( Ara);;CH;1790046937;Schuhhaus Walder AG;1790046937;Rechnung;25.01.2021;2021-03;207075;1048,49;CHF;1048,49;CHF;3,000;1048,49;0,000;-31,45;1048,49;0,00;1017,04;7,700;Ware;;;;;;02.02.2021
;11.03.2021;2021-06;10.03.2021;1790003207 Legero Schuh AG;1790003207;Legero Schuh AG c/o TEAG Treuhandbüro Eggenberger A;;CH;1790046937;Schuhhaus Walder AG;1790046937;Rechnung;15.01.2021;2021-02;3044620;14567,62;CHF;14567,62;CHF;3,000;14567,62;0,000;-437,03;14567,62;0,00;14130,59;7,700;Ware;;;;;;23.01.2021
;11.03.2021;2021-06;10.03.2021;1790005238 Creaciones Alpe SL;1790005238;Creaciones Alpe SL;ESB45057874;ES;1790046937;Schuhhaus Walder AG;1790046937;Rechnung Storno;15.01.2021;2021-06;11/172798;-7362,63;EUR;-8191,08;CHF;3,000;-7362,63;0,000;245,73;-8191,08;0,00;-7945,35;0,000;Ware;;;;;;05.03.2021
;11.03.2021;2021-06;10.03.2021;1790005238 Creaciones Alpe SL;1790005238;Creaciones Alpe SL;ESB45057874;ES;1790046937;Schuhhaus Walder AG;1790046937;Rechnung;15.01.2021;2021-06;11/172798;7362,63;EUR;8191,08;CHF;3,000;7362,63;0,000;-245,73;8191,08;0,00;7945,35;0,000;Ware;;;;;;04.03.2021
;11.03.2021;2021-06;10.03.2021;1790003207 Legero Schuh AG;1790003207;Legero Schuh AG c/o TEAG Treuhandbüro Eggenberger A;;CH;1790046937;Schuhhaus Walder AG;1790046937;Rechnung;04.12.2020;2020-34;3044405;9602,00;CHF;9602,00;CHF;3,000;9602,00;0,000;-288,06;9602,00;0,00;9313,94;7,700;Ware;;;;;;15.12.2020
;11.03.2021;2021-06;10.03.2021;1790003207 Legero Schuh AG;1790003207;Legero Schuh AG c/o TEAG Treuhandbüro Eggenberger A;;CH;1790046937;Schuhhaus Walder AG;1790046937;Rechnung;01.12.2020;2020-34;3044388;1930,23;CHF;1930,23;CHF;3,000;1930,23;0,000;-57,91;1930,23;0,00;1872,32;7,700;Ware;;;;;;15.12.2020
;11.03.2021;2021-06;10.03.2021;1790003207 Legero Schuh AG;1790003207;Legero Schuh AG c/o TEAG Treuhandbüro Eggenberger A;;CH;1790046937;Schuhhaus Walder AG;1790046937;Rechnung;20.11.2020;2020-32;3044302;9243,06;CHF;9243,06;CHF;3,000;9243,06;0,000;-277,29;9243,06;0,00;8965,77;7,700;Ware;;;;;;25.11.2020
;11.03.2021;2021-06;10.03.2021;1790003207 Legero Schuh AG;1790003207;Legero Schuh AG c/o TEAG Treuhandbüro Eggenberger A;;CH;1790046937;Schuhhaus Walder AG;1790046937;Rechnung;12.11.2020;2020-32;3044209;15144,25;CHF;15144,25;CHF;3,000;15144,25;0,000;-454,33;15144,25;0,00;14689,92;7,700;Ware;;;;;;25.11.2020
;11.03.2021;2021-06;10.03.2021;1790002552 Sioux GmbH;1790002552;Sioux GmbH;DE145003018;DE;1790046937;Schuhhaus Walder AG;1790046937;Rechnung Storno;29.10.2020;2020-30;5073823;-10664,85;EUR;-11864,86;CHF;3,000;-10664,85;0,000;355,95;-11864,86;0,00;-11508,91;7,700;Ware;;;;;;05.11.2020
;11.03.2021;2021-06;10.03.2021;1790002552 Sioux GmbH;1790002552;Sioux GmbH;DE145003018;DE;1790046937;Schuhhaus Walder AG;1790046937;Rechnung;29.10.2020;2020-30;5073823;10664,85;EUR;11864,86;CHF;3,000;10664,85;0,000;-355,95;11864,86;0,00;11508,91;7,700;Ware;;;;;;03.11.2020
;11.03.2021;2021-06;10.03.2021;1790002552 Sioux GmbH;1790002552;Sioux GmbH;DE145003018;DE;1790046937;Schuhhaus Walder AG;1790046937;Rechnung Storno;29.10.2020;2020-30;5073822;-448,08;EUR;-498,50;CHF;3,000;-448,08;0,000;14,96;-498,50;0,00;-483,54;7,700;Ware;;;;;;05.11.2020
;11.03.2021;2021-06;10.03.2021;1790002552 Sioux GmbH;1790002552;Sioux GmbH;DE145003018;DE;1790046937;Schuhhaus Walder AG;1790046937;Rechnung;29.10.2020;2020-30;5073822;448,08;EUR;498,50;CHF;3,000;448,08;0,000;-14,96;498,50;0,00;483,54;7,700;Ware;;;;;;03.11.2020
;11.03.2021;2021-06;10.03.2021;1790001025 Arex AG ( Ara);1790001025;Arex AG ( Ara);;CH;1790046937;Schuhhaus Walder AG;1790046937;Rechnung;19.05.2020;2020-14;205004;4271,62;CHF;4271,62;CHF;3,000;4271,62;0,000;-128,15;4271,62;0,00;4143,47;7,700;Ware;;;;;;21.05.2020
